"row_id","x","y","z","mass"
1,386.075,318.159,38.9809,500037000000
2,220.671,56.1996,74.3214,500037000000
3,18.7062,109.962,156.243,500037000000
4,243.086,135.778,217.589,500037000000
5,188.328,232.693,296.072,500037000000
6,255.258,183.709,349.283,500037000000
7,380.914,267.115,367.304,500037000000
8,169.28,60.0422,26.3555,500133000000
9,240.097,294.009,41.2736,500133000000
10,112.283,339.307,132.804,500133000000
11,91.8239,3.99079,216.669,500133000000
12,375.87,318.712,219.845,500133000000
13,361.743,288.09,263.067,500133000000
14,345.731,177.855,336.566,500133000000
15,331.517,90.2273,368.184,500133000000
16,254.49,280.289,367.504,500133000000
17,318.354,23.5001,82.7183,500230000000
18,70.3249,191.347,89.7796,500230000000
19,175.516,275.274,178.014,500230000000
20,204.362,388.23,174.557,500230000000
21,304.092,324.79,256.76,500230000000
22,206.221,36.6049,282.434,500230000000
23,246.006,92.0887,353.016,500230000000
24,37.2477,44.7336,376.204,500230000000
25,242.582,59.226,44.3693,500326000000
26,57.8504,109.073,98.0664,500326000000
27,397.657,143.655,157.324,500326000000
28,165.218,235.108,182.342,500326000000
29,73.8453,262.79,220.419,500326000000
30,204.228,129.605,264.879,500326000000
31,372.607,268.9,275.912,500326000000
32,299.566,211.857,353.684,500326000000
33,32.3722,360.857,384.249,500326000000
34,384.439,201.629,39.0394,500422000000
35,142.216,357.764,96.1898,500422000000
36,367.445,235.034,125.469,500422000000
37,181.825,293.562,203.82,500422000000
38,52.5487,136.125,233.269,500422000000
39,146.905,260.1,309.163,500422000000
40,264.088,261.133,359.066,500422000000
41,269.28,221.175,375.478,500422000000
42,72.4216,353.427,35.9797,500519000000
43,108.379,19.0884,124.252,500519000000
44,8.74301,257.15,152.394,500519000000
45,290.158,155.654,207.936,500519000000
46,142.31,253.471,262.326,500519000000
47,31.0572,48.9706,324.208,500519000000
48,56.2555,227.162,337.642,500519000000
49,389.651,170.122,390.664,500519000000
50,140.634,399.233,46.0918,500615000000
51,213.142,383.184,62.0073,500615000000
52,229.745,197.548,143.261,500615000000
53,390.584,77.8837,189.349,500615000000
54,111.226,231.189,225.201,500615000000
55,19.669,170.496,260.617,500615000000
56,177.559,85.7637,272.921,500615000000
57,0.483906,84.1891,325.336,500615000000
58,5.2363,264.57,357.36,500615000000
59,247.891,242.905,2.33243,500615000000
60,294.124,131.219,28.4106,500711000000
61,16.1525,169.072,65.6377,500711000000
62,68.3739,155.505,114.61,500711000000
63,62.6132,6.8613,220.747,500711000000
64,91.441,92.6626,222.542,500711000000
65,84.4715,364.32,281.11,500711000000
66,363.29,173.769,327.398,500711000000
67,331.478,237.553,387.534,500711000000
68,148.573,133.477,15.2099,500808000000
69,98.9139,219.156,80.5176,500808000000
70,229.5,253.212,53.4563,500808000000
71,255.995,128.745,163.518,500808000000
72,60.3218,96.0368,214.772,500808000000
73,20.2437,173.865,252.477,500808000000
74,60.2774,320.848,264.081,500808000000
75,73.6681,71.8454,346.251,500808000000
76,349.807,121.833,387.068,500808000000
77,323.131,388.037,75.5949,500904000000
78,10.3392,8.39326,127.733,500904000000
79,95.2841,107.634,156.219,500904000000
80,107.376,124.45,202.057,500904000000
81,297.35,100.545,273.063,500904000000
82,253.365,248.409,341.496,500904000000
83,383.585,58.9799,397.958,500904000000
84,135.485,245.356,170.789,501000000000
85,258.409,44.4209,70.4538,501000000000
86,267.622,145.114,105.383,501000000000
87,271.869,88.9388,157.227,501000000000
88,136.867,6.89888,201.713,501000000000
89,185.844,70.6953,255.185,501000000000
90,100.325,181.366,256.109,501000000000
91,241.782,164.034,353.221,501000000000
92,322.04,379.507,382.709,501000000000
93,224.505,291.949,313.805,501097000000
94,376.252,317.477,34.6877,501097000000
95,16.6044,126.551,67.1436,501097000000
96,113.289,96.176,130.347,501097000000
97,213.717,338.98,154.949,501097000000
98,268.792,367.162,206.308,501097000000
99,192.693,131.032,295.742,501097000000
100,86.131,184.191,289.242,501097000000
101,320.722,87.9901,352.495,501097000000
102,17.8629,18.9915,18.6481,501193000000
103,0.658495,129.369,38.1762,501193000000
104,0.433406,286.68,90.1101,501193000000
105,358.498,119.255,177.49,501193000000
106,153.577,153.827,162.819,501193000000
107,317.743,140.288,220.919,501193000000
108,311.967,180.926,289.421,501193000000
109,7.44687,326.561,287.041,501193000000
110,22.2715,201.426,332.669,501193000000
111,2.60269,168.752,16.562,501289000000
112,162.366,148.276,39.1173,501289000000
113,132.511,30.826,123.792,501289000000
114,38.529,85.677,161.985,501289000000
115,161.823,338.515,209.396,501289000000
116,179.426,317.002,234.673,501289000000
117,147.474,8.68346,322.359,501289000000
118,38.0699,271.739,341.502,501289000000
119,46.8547,323.106,66.5397,501386000000
120,357.47,168.875,92.2865,501386000000
121,111.452,184.049,162.185,501386000000
122,250.949,237.306,152.275,501386000000
123,140.697,26.8742,273.121,501386000000
124,199.08,29.6714,322.084,501386000000
125,74.6895,316.954,311.964,501386000000
126,149.512,20.7313,374.63,501386000000
127,378.537,38.6612,66.4574,501482000000
128,15.9485,16.2598,97.0828,501482000000
129,192.423,275.034,98.141,501482000000
130,200.751,362.868,168.743,501482000000
131,138.754,76.3216,231.352,501482000000
132,43.6027,297.466,275.596,501482000000
133,152.656,109.535,321.384,501482000000
134,84.3066,326.076,333.393,501482000000
135,299.431,384.056,398.839,501482000000
136,300.088,60.5864,49.9226,501579000000
137,381.841,310.152,99.2782,501579000000
138,343.982,327.47,143.082,501579000000
139,325.151,249.642,122.04,501579000000
140,130.327,83.7687,237.963,501579000000
141,277.889,8.32557,308.002,501579000000
142,333.626,302.394,299.605,501579000000
143,231.206,138.175,351.209,501579000000
144,153.253,254.72,389.812,501579000000
145,398.008,28.2512,68.1545,501675000000
146,354.227,331.413,54.442,501675000000
147,3.25179,247.855,85.1019,501675000000
148,205.696,121.707,123.648,501675000000
149,7.83995,198.211,148.223,501675000000
150,245.482,107.276,229.563,501675000000
151,12.6551,384.903,256.357,501675000000
152,59.6714,343.977,259.363,501675000000
153,101.612,18.5438,337.042,501675000000
154,71.5305,395.589,395.346,501675000000
155,2.56229,80.7984,69.5769,501771000000
156,340.719,122.828,83.9605,501771000000
157,195.039,32.1804,100.757,501771000000
158,157.943,74.9944,154.702,501771000000
159,87.5765,166.147,177.144,501771000000
160,215.733,13.378,299.836,501771000000
161,75.9095,347.785,310.408,501771000000
162,13.1599,331.779,371.256,501771000000
163,99.4663,66.9133,77.326,501868000000
164,376.675,337.556,93.7763,501868000000
165,83.826,136.754,175.494,501868000000
166,56.7443,337.272,222.464,501868000000
167,336.893,254.442,291.438,501868000000
168,142.391,7.7498,328.899,501868000000
169,206.099,238.093,367.864,501868000000
170,137.344,47.4031,11.7184,501964000000
171,90.1031,186.945,42.1018,501964000000
172,259.269,124.859,79.9739,501964000000
173,97.9823,196.357,84.3881,501964000000
174,165.749,32.3273,165.716,501964000000
175,154.832,361.568,159.326,501964000000
176,243.163,270.509,293.487,501964000000
177,174.647,216.973,290.924,501964000000
178,216.318,3.35798,353.247,501964000000
179,208.174,328.8,366.203,501964000000
180,181.737,243.641,35.0978,502060000000
181,218.644,346.803,59.7998,502060000000
182,345.387,125.738,131.388,502060000000
183,148.291,389.301,106.154,502060000000
184,317.563,20.3771,262.033,502060000000
185,160.424,363.381,292.764,502060000000
186,225.896,354.252,347.744,502060000000
187,283.363,34.2674,0.599256,502157000000
188,312.108,322.477,17.2027,502157000000
189,5.77932,112.081,107.735,502157000000
190,86.6901,45.8568,124.165,502157000000
191,11.6522,197.678,146.604,502157000000
192,101.23,308.526,215.032,502157000000
193,335.879,337.142,248.077,502157000000
194,381.981,388.838,264.113,502157000000
195,334.07,89.7128,340.11,502157000000
196,162.357,226.677,375.425,502157000000
197,74.7431,189.495,4.59782,502253000000
198,285.791,192.672,51.031,502253000000
199,207.609,147.546,106.93,502253000000
200,117.732,27.8664,208.596,502253000000
201,97.1423,109.622,220.511,502253000000
202,11.3106,80.8607,280.05,502253000000
203,52.6002,334.352,266.76,502253000000
204,37.035,121.23,350.282,502253000000
205,125.136,208.573,29.3058,502349000000
206,108.984,368.125,51.5016,502349000000
207,17.4406,43.5433,144.46,502349000000
208,65.0069,388.48,114.271,502349000000
209,65.1651,360.558,197.99,502349000000
210,348.953,79.3164,273.629,502349000000
211,307.727,61.4015,320.099,502349000000
212,125.481,214.477,366.573,502349000000
213,48.2168,131.312,383.81,502349000000
214,280.605,254.935,12.0817,502446000000
215,363.125,2.22256,102.528,502446000000
216,8.19818,270.929,125.658,502446000000
217,158.458,34.3206,164.473,502446000000
218,266.225,253.411,253.599,502446000000
219,328.843,316.193,301.535,502446000000
220,384.802,302.561,357.864,502446000000
221,349.855,27.6499,29.7792,502542000000
222,80.7671,37.7535,61.9141,502542000000
223,131.37,46.5059,153.755,502542000000
224,3.28443,33.8918,237.213,502542000000
225,303.864,192.959,288.864,502542000000
226,164.74,255.02,320.168,502542000000
227,144.478,234.876,321.812,502542000000
228,57.4365,202.65,327.158,502542000000
229,118.086,321.042,393.214,502542000000
230,45.1236,297.975,13.6028,502638000000
231,350.664,122.223,89.8918,502638000000
232,96.8172,175.866,121.807,502638000000
233,5.73429,375.797,183.758,502638000000
234,181.945,109.331,295.864,502638000000
235,133.943,235.961,320.828,502638000000
236,35.896,115.186,94.1691,502735000000
237,153.866,357.725,140.697,502735000000
238,275.005,110.402,159.657,502735000000
239,219.193,163.745,223.914,502735000000
240,348.947,351.305,274.061,502735000000
241,166.492,109.978,316.436,502735000000
242,215.544,251.912,360.41,502735000000
243,60.2573,279.059,364.18,502735000000
244,190.138,316.401,21.5345,502831000000
245,68.4891,336.039,41.1185,502831000000
246,223.443,36.4404,108.596,502831000000
247,292.212,103.418,159.889,502831000000
248,73.364,308.849,230.039,502831000000
249,348.027,59.912,302.942,502831000000
250,351.345,314.928,323.244,502831000000
251,265.816,223.649,378.904,502831000000
252,350.75,84.9626,35.6932,502927000000
253,154.241,180.293,84.9856,502927000000
254,121.717,219.655,62.55,502927000000
255,271.452,250.831,131.043,502927000000
256,306.355,95.5749,194.205,502927000000
257,36.6734,122.463,176.8,502927000000
258,132.901,341.523,257.292,502927000000
259,322.61,354.275,291.889,502927000000
260,103.43,379.831,304.196,502927000000
261,185.579,325.753,380.757,502927000000
262,6.46701,28.8532,51.0515,503024000000
263,367.283,136.671,128.771,503024000000
264,331.831,255.163,145.536,503024000000
265,158.232,374.754,210.127,503024000000
266,185.639,103.141,293.638,503024000000
267,111.924,398.639,285.569,503024000000
268,333.716,33.5982,373.212,503024000000
269,355.414,147.617,13.059,503120000000
270,222.254,350.271,46.8866,503120000000
271,100.161,383.582,87.6373,503120000000
272,206.476,79.4108,155.911,503120000000
273,232.148,323.395,189.112,503120000000
274,353.807,392.097,166.571,503120000000
275,39.0254,356.895,314.829,503120000000
276,11.274,88.8938,383.41,503120000000
277,232.22,20.3583,29.2717,503216000000
278,288.006,72.3188,44.3296,503216000000
279,177.116,162.768,78.7008,503216000000
280,31.9008,217.223,114.871,503216000000
281,172.613,58.1196,187.73,503216000000
282,297.211,20.7771,223.732,503216000000
283,265.798,295.914,243.209,503216000000
284,394.554,116.815,346.863,503216000000
285,399.568,23.7973,343.661,503216000000
286,227.918,251.624,386.971,503216000000
287,199.529,233.798,296.343,503313000000
288,386.2,386.979,19.2634,503313000000
289,93.5233,142.418,95.3869,503313000000
290,362.16,129.87,139.649,503313000000
291,192.768,149.828,174.842,503313000000
292,158.196,229.926,227.792,503313000000
293,140.399,327.661,319.993,503313000000
294,65.9047,29.9772,331.955,503313000000
295,220.791,266.3,9.63828,503409000000
296,54.333,20.4616,80.9565,503409000000
297,195.578,79.1103,112.905,503409000000
298,122.196,164.512,164.853,503409000000
299,331.954,56.4207,215.809,503409000000
300,315.785,180.908,290.906,503409000000
301,30.0029,155.238,266.083,503409000000
302,320.479,328.304,330.541,503409000000
303,370.995,53.7125,7.00648,503505000000
304,100.517,374.707,42.0427,503505000000
305,208.278,273.466,105.786,503505000000
306,140.131,170.868,166.799,503505000000
307,212.44,114.529,174.279,503505000000
308,95.42,63.5584,275.002,503505000000
309,311.962,185.725,309.645,503505000000
310,167.034,200.696,300.086,503505000000
311,362.134,311.297,366.681,503505000000
312,237.296,192.62,23.3463,503602000000
313,35.5837,208.432,49.7914,503602000000
314,213.79,318.372,103.961,503602000000
315,80.443,93.055,180.536,503602000000
316,124.36,301.043,193.693,503602000000
317,162.987,100.462,231.227,503602000000
318,30.0931,8.71761,346.724,503602000000
319,359.82,24.7093,27.637,503698000000
320,181.343,362.875,36.6513,503698000000
321,216.971,123.069,91.9587,503698000000
322,271.167,289.709,169.221,503698000000
323,208.385,70.7397,223.531,503698000000
324,232.669,184.497,246.042,503698000000
325,254.505,88.3407,328.92,503698000000
326,168.782,161.517,346.103,503698000000
327,19.5364,313.938,38.7359,503794000000
328,63.2616,343.836,43.8764,503794000000
329,331.02,157.325,121.997,503794000000
330,369.573,6.18585,166.993,503794000000
331,210.139,296.149,174.617,503794000000
332,155.234,191,227.711,503794000000
333,281.794,260.296,297.996,503794000000
334,107.3,196.256,295.552,503794000000
335,386.132,375.607,347.01,503794000000
336,248.471,90.8174,27.7178,503891000000
337,377.164,343.481,1.46569,503891000000
338,354.165,77.4375,89.3451,503891000000
339,211.186,165.964,125.005,503891000000
340,277.941,352.565,158.812,503891000000
341,354.009,132.851,279.022,503891000000
342,113.188,369.586,286.859,503891000000
343,383.724,111.824,363.831,503891000000
344,388.204,160.665,385.435,503891000000
345,377.763,348.314,56.019,503987000000
346,131.76,52.8175,120.162,503987000000
347,53.7553,283.139,181.883,503987000000
348,190.862,332.722,221.253,503987000000
349,139.36,262.323,261.889,503987000000
350,325.741,361.053,285.135,503987000000
351,106.564,5.58064,356.303,503987000000
352,222.902,102.738,379.556,503987000000
353,1.47446,392.878,27.8281,504084000000
354,180.857,195.459,112.524,504084000000
355,283.998,337.779,129.895,504084000000
356,392.435,381.751,137.612,504084000000
357,386.545,188.183,196.868,504084000000
358,332.423,371.044,270.006,504084000000
359,205.821,295.461,320.627,504084000000
360,367.229,355.951,394.868,504084000000
361,285.783,1.60164,62.2649,504180000000
362,349.814,262.061,66.5355,504180000000
363,150.778,249.62,151.43,504180000000
364,257.986,289.033,160.205,504180000000
365,314.991,5.90369,223.234,504180000000
366,233.734,334.799,198.114,504180000000
367,161.381,311.245,287.978,504180000000
368,269.502,29.8453,358.826,504180000000
369,52.4564,211.911,375.876,504180000000
370,116.015,296.709,14.0663,504276000000
371,124.195,396.464,81.6905,504276000000
372,317,35.6258,145.407,504276000000
373,66.2794,68.7966,213.563,504276000000
374,100.177,188.608,188.576,504276000000
375,104.876,300.357,319.766,504276000000
376,251.655,282.46,330.213,504276000000
377,291.692,347.63,381.092,504276000000
378,112.307,199.079,27.8904,504373000000
379,303.05,229.364,23.7238,504373000000
380,255.465,346.893,59.8381,504373000000
381,44.6762,142.535,123.46,504373000000
382,178.863,395.392,179.995,504373000000
383,182.801,367.429,283.306,504373000000
384,283.971,312.172,340.966,504373000000
385,63.2028,347.875,368.655,504373000000
386,4.3259,44.3754,29.8279,504469000000
387,294.625,237.838,79.776,504469000000
388,304.842,289.692,132.696,504469000000
389,380.556,253.341,143.363,504469000000
390,162.632,281.599,219.56,504469000000
391,172.854,221.623,289.571,504469000000
392,78.2995,54.4446,350.494,504469000000
393,198.501,83.7657,382.584,504469000000
394,391.936,174.84,22.757,504565000000
395,56.8156,383.245,2.66689,504565000000
396,108.432,137.884,61.5473,504565000000
397,260.271,247.746,127.687,504565000000
398,43.8977,109.149,180.527,504565000000
399,155.396,132.77,228.056,504565000000
400,324.579,93.3206,292.448,504565000000
401,263.004,361.946,340.129,504565000000
402,300.138,80.7823,398.459,504565000000
403,272.315,245.252,27.3665,504662000000
404,85.4824,228.387,80.725,504662000000
405,372.259,61.8057,142.968,504662000000
406,204.932,309.66,148.253,504662000000
407,79.4883,203.962,235.08,504662000000
408,278.67,299.76,237.975,504662000000
409,256.584,153.171,305.628,504662000000
410,277.54,101.396,366.425,504662000000
411,384.416,366.643,8.25365,504758000000
412,182.5,184.192,111.83,504758000000
413,16.9382,141.998,83.7351,504758000000
414,310.979,300.095,160.949,504758000000
415,380.406,285.812,175.502,504758000000
416,51.0144,28.4403,262.196,504758000000
417,41.2962,324.081,321.085,504758000000
418,44.7321,90.8095,392.348,504758000000
419,301.54,247.392,28.0017,504854000000
420,284.382,358.867,63.0963,504854000000
421,298.794,42.5859,151.755,504854000000
422,147.568,376.954,105.137,504854000000
423,318.5,164.864,217.729,504854000000
424,249.657,90.499,307.205,504854000000
425,225.035,214.542,342.408,504854000000
426,337.162,353.939,348.981,504854000000
427,324.454,396.343,380.686,504854000000
428,189.885,83.6518,41.2688,504951000000
429,154.782,161.872,71.5874,504951000000
430,2.91383,355.229,142.435,504951000000
431,39.7216,334.314,192.698,504951000000
432,381.825,242.991,194.172,504951000000
433,96.5855,172.769,260.715,504951000000
434,332.539,146.855,364.672,504951000000
435,148.466,231.078,386.573,504951000000
436,332.888,91.2847,53.465,505047000000
437,289.436,237.387,81.2068,505047000000
438,270.23,132.335,174.049,505047000000
439,327.076,378.452,183.317,505047000000
440,316.468,292.862,271.533,505047000000
441,120.98,391.064,270.7,505047000000
442,248.656,309.775,328.369,505047000000
443,368.632,354.618,369.825,505047000000
444,398.443,92.9482,32.1572,505143000000
445,106.503,278.465,54.2277,505143000000
446,216.804,251.607,74.6068,505143000000
447,22.3714,204.252,151.783,505143000000
448,386.824,81.3813,240.416,505143000000
449,123.153,282.837,256.599,505143000000
450,80.5762,336.496,305.934,505143000000
451,147.234,234.995,368.898,505143000000
452,59.2934,320.907,4.80467,505240000000
453,359.175,314.72,46.4308,505240000000
454,155.646,84.6947,117.979,505240000000
455,122.828,24.5713,133.35,505240000000
456,237.765,391.019,210.76,505240000000
457,392.205,321.247,282.936,505240000000
458,74.2838,320.164,317.188,505240000000
459,386.381,80.1426,7.71842,505336000000
460,224.499,285.498,37.4829,505336000000
461,358.688,220.182,119.243,505336000000
462,274.432,373.46,168.027,505336000000
463,126.233,247.981,204.736,505336000000
464,283.271,88.7633,303.247,505336000000
465,257.409,212.594,251.711,505336000000
466,311.69,60.6732,393.262,505336000000
467,78.495,198.763,385.201,505432000000
468,177.114,153.228,44.7711,505432000000
469,231.04,181.95,70.5378,505432000000
470,399.831,330.269,144.214,505432000000
471,297.602,229.317,155.016,505432000000
472,183.198,172.1,272.684,505432000000
473,45.2827,352.787,281.32,505432000000
474,151.218,321.633,324.424,505432000000
475,66.2955,385.912,340.222,505432000000
476,122.801,333.409,16.7308,505529000000
477,303.116,23.107,87.5309,505529000000
478,283.832,278.331,183.819,505529000000
479,198.606,152.714,259.753,505529000000
480,292.522,354.191,294.57,505529000000
481,242.325,160.616,356.405,505529000000
482,116.307,103.406,6.00056,505625000000
483,117.62,119.824,53.0947,505625000000
484,72.4314,160.487,78.7139,505625000000
485,247.393,131.538,101.094,505625000000
486,322.679,246.473,126.503,505625000000
487,213.692,155.013,216.349,505625000000
488,339.916,369.746,259.731,505625000000
489,108.62,337.693,289.506,505625000000
490,317.262,328.45,344.75,505625000000
491,97.31,274.349,352.891,505625000000
492,308.031,43.756,49.0832,505721000000
493,100.631,139.74,147.335,505721000000
494,388.313,96.2776,188.648,505721000000
495,335.066,240.154,209.094,505721000000
496,225.275,265.084,286.137,505721000000
497,352.785,29.5577,321.044,505721000000
498,250.26,200.729,365.99,505721000000
499,280.632,128.932,78.1617,505818000000
500,300.457,88.4099,80.0002,505818000000
501,153.463,240.774,127.055,505818000000
502,399.153,10.8049,190.16,505818000000
503,179.512,53.7707,232.369,505818000000
504,51.2694,132.146,245.563,505818000000
505,350.34,231.07,310.441,505818000000
506,233.625,184.807,363.976,505818000000
507,224.315,328.408,27.4631,505914000000
508,358.93,72.1771,109.408,505914000000
509,130.405,331.253,136.978,505914000000
510,166.555,319.3,185.278,505914000000
511,337.946,215.72,247.986,505914000000
512,60.9974,267.678,258.874,505914000000
513,263.676,278.24,308.684,505914000000
514,254.834,237.716,340.024,505914000000
515,374.343,201.415,367.557,505914000000
516,109.947,393.027,21.3357,506010000000
517,274.273,157.595,88.8977,506010000000
518,82.7607,261.205,156.261,506010000000
519,319.423,109.232,215.307,506010000000
520,28.1352,51.3135,267.489,506010000000
521,258.917,337.582,334.494,506010000000
522,112.294,157.415,392.547,506010000000
523,293.432,16.4519,73.4255,506107000000
524,261.164,306.823,72.1489,506107000000
525,265.537,189.182,144.794,506107000000
526,184.688,395.604,168.202,506107000000
527,147.013,131.471,302.564,506107000000
528,398.554,70.1361,329.253,506107000000
529,62.5579,355.767,386.291,506107000000
530,125.028,174.702,104.42,506203000000
531,321.288,128.59,56.9364,506203000000
532,209.804,344.091,93.3971,506203000000
533,217.843,166.112,167.453,506203000000
534,19.7186,106.653,236.226,506203000000
535,214.669,360.116,230.231,506203000000
536,270.839,163.125,280.338,506203000000
537,90.2075,21.5332,330.341,506203000000
538,323.875,89.8711,395.893,506203000000
539,279.741,223.504,1.59788,506299000000
540,218.108,40.8834,121.345,506299000000
541,239.942,241.983,182.029,506299000000
542,361.282,141.232,225.177,506299000000
543,335.068,10.649,279.802,506299000000
544,182.723,350.216,316.502,506299000000
545,202.788,326.207,41.9772,506396000000
546,359.984,302.534,36.2361,506396000000
547,209.838,189.167,91.5595,506396000000
548,36.5354,379.365,175.147,506396000000
549,272.424,98.0375,204.301,506396000000
550,377.247,167.211,240.693,506396000000
551,32.6987,57.3129,319.197,506396000000
552,213.165,82.6392,394.222,506396000000
553,194.263,111.27,39.5498,506492000000
554,266.548,79.0285,68.5368,506492000000
555,332.217,0.227522,135.811,506492000000
556,174.796,305.535,205.696,506492000000
557,183.966,128.601,252.333,506492000000
558,84.2948,4.8138,322.264,506492000000
559,156.67,105.872,383.841,506492000000
560,73.5377,266.896,216.702,506589000000
561,186.407,7.3252,45.7025,506589000000
562,314.723,118.073,71.5785,506589000000
563,397.385,258.703,122.855,506589000000
564,238.73,289.594,178.211,506589000000
565,388.327,295.591,230.31,506589000000
566,127.438,365.128,263.545,506589000000
567,324.49,80.3408,325.396,506589000000
568,343.349,93.6961,360.988,506589000000
569,254.351,69.9851,393.768,506589000000
570,31.5424,29.6078,16.7291,506685000000
571,76.2461,29.6877,52.8373,506685000000
572,358.569,344.834,111.214,506685000000
573,165.772,149.004,136.462,506685000000
574,183.127,64.5191,186.388,506685000000
575,82.5452,26.7687,265.2,506685000000
576,242.532,111.835,293.797,506685000000
577,125.966,7.65077,382.496,506685000000
578,161.402,265.394,4.03996,506781000000
579,98.1531,297.245,51.0098,506781000000
580,270.297,173.219,76.7414,506781000000
581,204.626,245.943,104.679,506781000000
582,378.645,116.722,166.154,506781000000
583,338.453,263.977,201.849,506781000000
584,316.678,396.909,285.021,506781000000
585,36.7327,384.551,338.819,506781000000
586,287.274,386.164,65.7893,506878000000
587,239.916,45.9757,97.7812,506878000000
588,127.41,282.533,166.433,506878000000
589,80.1943,254.552,218.713,506878000000
590,215.003,53.0743,266.47,506878000000
591,28.3863,33.7803,311.413,506878000000
592,237.482,195.415,356.967,506878000000
593,380.137,168.012,386.002,506878000000
594,281.09,52.9665,64.2167,506974000000
595,133.484,369.308,89.8124,506974000000
596,374.042,11.7287,158.141,506974000000
597,245.415,59.2082,207.885,506974000000
598,374.696,196.667,219.64,506974000000
599,354.849,312.375,302.942,506974000000
600,96.8217,125.083,358.834,506974000000
601,187.425,153.317,392.676,506974000000
602,194.261,42.7113,46.4609,507070000000
603,272.457,69.3673,59.4962,507070000000
604,322.697,280.522,119.127,507070000000
605,102.747,46.8743,192.75,507070000000
606,124.704,293.714,231.125,507070000000
607,132.236,143.405,256.331,507070000000
608,92.1732,381.901,311.089,507070000000
609,352.042,303.689,334.424,507070000000
610,95.7639,207.931,399.493,507070000000
611,301.428,370.162,21.817,507167000000
612,336.591,174.033,96.7922,507167000000
613,369.105,256.217,106.052,507167000000
614,3.65607,233.772,143.389,507167000000
615,164.657,229.411,226.83,507167000000
616,38.1578,92.4359,300.347,507167000000
617,57.4969,85.9701,336.188,507167000000
618,100.661,225.609,397.222,507167000000
619,227.655,359.78,50.2544,507263000000
620,95.2602,296.423,138.748,507263000000
621,324.952,239.877,111.917,507263000000
622,95.6253,22.1977,281.295,507263000000
623,356.029,259.103,257.518,507263000000
624,50,329.628,346.941,507263000000
625,152.959,75.698,6.03798,507359000000
626,93.0246,28.4496,62.9683,507359000000
627,157.529,183.894,119.589,507359000000
628,209.548,313.165,146.129,507359000000
629,376.334,12.5462,234.627,507359000000
630,126.104,52.447,303.604,507359000000
631,26.6265,281.833,382.21,507359000000
632,277.451,20.9829,32.841,507456000000
633,229.42,222.427,45.5998,507456000000
634,202.652,167.539,131.816,507456000000
635,33.287,336.58,229.594,507456000000
636,83.596,222.57,275.908,507456000000
637,362.308,61.5367,396.049,507456000000
638,94.7517,178.936,5.02013,507552000000
639,124.817,73.0836,136,507552000000
640,385.411,222.848,134.269,507552000000
641,279.14,182.631,189.186,507552000000
642,354.104,67.9711,265.175,507552000000
643,77.7523,38.7336,324.485,507552000000
644,165.328,156.235,342.927,507552000000
645,176.967,226.718,396.948,507552000000
646,321.713,132.618,57.4294,507648000000
647,274.962,152.723,90.8707,507648000000
648,137.339,267.042,146.835,507648000000
649,307.199,10.6892,211.745,507648000000
650,131.93,29.9441,204.374,507648000000
651,93.2198,175.519,251.941,507648000000
652,216,247.307,321.386,507648000000
653,28.3887,309.452,356.613,507648000000
654,81.1929,263.53,16.4189,507745000000
655,341.484,253.712,72.6267,507745000000
656,29.7706,9.79607,182.096,507745000000
657,297.568,160.422,182.502,507745000000
658,79.7962,75.3476,284.651,507745000000
659,12.3248,234.08,287.07,507745000000
660,6.75376,139.311,294.894,507745000000
661,162.44,82.4383,386.672,507745000000
662,338.503,270.801,3.81829,507841000000
663,261.58,69.1239,61.4989,507841000000
664,196.731,266.762,120.697,507841000000
665,323.717,64.037,160.583,507841000000
666,35.459,66.1843,237.616,507841000000
667,322.63,148.393,333.774,507841000000
668,54.934,212.018,384.755,507841000000
669,197.832,173.793,25.2154,507937000000
670,184.047,260.65,44.4439,507937000000
671,102.199,385.544,88.7833,507937000000
672,297.116,217.98,120.653,507937000000
673,48.079,320.349,189.86,507937000000
674,382.784,242.824,217.207,507937000000
675,178.355,374.995,289.57,507937000000
676,235.063,320.43,320.489,507937000000
677,278.103,394.7,25.7536,508034000000
678,395.04,34.2303,104.793,508034000000
679,359.076,178.512,139.228,508034000000
680,337.865,270.08,174.181,508034000000
681,116.218,187.054,230.051,508034000000
682,99.6614,349.746,283.213,508034000000
683,110.71,69.1526,374.37,508034000000
684,200.684,129.806,25.4177,508130000000
685,96.2039,300.253,47.9207,508130000000
686,332.511,372.334,92.6407,508130000000
687,162.338,67.54,141.989,508130000000
688,76.3853,266.888,211.016,508130000000
689,132.282,350.234,242.944,508130000000
690,67.1146,44.8597,340.888,508130000000
691,310.734,378.402,331.382,508130000000
692,2.21934,319.901,3.16064,508226000000
693,283.139,378.455,37.3141,508226000000
694,269.939,399.714,146.474,508226000000
695,105.299,177.027,196.005,508226000000
696,269.256,17.4921,255.657,508226000000
697,66.6472,293.3,236.44,508226000000
698,3.7177,240.397,308.787,508226000000
699,16.323,220.41,393.206,508226000000
700,220.992,153.316,35.7939,508323000000
701,383.414,16.4632,98.4279,508323000000
702,174.776,308.47,109.233,508323000000
703,387.489,276.255,98.3775,508323000000
704,371.095,296.84,150.791,508323000000
705,168.904,353.323,225.637,508323000000
706,351.181,283.125,255.533,508323000000
707,80.697,74.8991,343.496,508323000000
708,374.323,332.271,340.904,508323000000
709,146.69,384.325,22.8876,508419000000
710,182.989,313.341,103.072,508419000000
711,91.5707,251.913,180.104,508419000000
712,42.737,264.513,190.207,508419000000
713,269.058,99.2657,253.845,508419000000
714,390.091,206.759,316.185,508419000000
715,280.181,327.663,362.13,508419000000
716,114.625,106.463,6.47493,508515000000
717,297.381,49.3207,62.7847,508515000000
718,320.937,163.674,123.152,508515000000
719,1.52332,122.411,166.034,508515000000
720,325.321,208.321,167.025,508515000000
721,372.725,178.097,209.177,508515000000
722,276.789,113.482,280.967,508515000000
723,297.217,18.2896,352.668,508515000000
724,341.919,162.859,394.011,508515000000
725,344.674,21.4773,9.97399,508612000000
726,303.169,263.217,8.12983,508612000000
727,291.59,230.796,53.1209,508612000000
728,24.4686,97.9365,140.009,508612000000
729,52.3713,252.493,201.352,508612000000
730,182.964,275.722,209.075,508612000000
731,0.852648,52.6128,277.132,508612000000
732,348.696,165.34,328.663,508612000000
733,212.982,99.9632,391.663,508612000000
734,287.324,217.063,2.01896,508708000000
735,301.011,124.333,118.426,508708000000
736,231.497,28.569,145.345,508708000000
737,340.275,35.68,216.941,508708000000
738,151.354,156.744,208.414,508708000000
739,39.3838,116.909,280.763,508708000000
740,79.4794,87.4578,267.407,508708000000
741,321.147,14.1217,326.358,508708000000
742,81.0863,390.037,364.679,508708000000
743,88.8999,28.6048,18.508,508804000000
744,290.222,260.966,47.427,508804000000
745,316.35,181.131,103.856,508804000000
746,164.609,245.445,169.312,508804000000
747,233.274,200.643,176.903,508804000000
748,353.013,78.2187,227.357,508804000000
749,101.93,394.077,222.058,508804000000
750,397.204,371.592,247.184,508804000000
751,336.081,5.53522,393.403,508804000000
752,84.6999,28.5877,8.48243,508901000000
753,271.505,92.5072,52.0367,508901000000
754,337.219,228.858,75.6437,508901000000
755,344.217,395.621,121.428,508901000000
756,34.7748,99.002,198.798,508901000000
757,46.7214,371.935,226.295,508901000000
758,276.788,83.7098,329.11,508901000000
759,291.222,87.2126,392.575,508901000000
760,213.328,355.654,1.67999,508997000000
761,357.437,74.9397,103.376,508997000000
762,202.304,185.895,118.012,508997000000
763,187.445,210.332,209.17,508997000000
764,286.139,336.009,229.1,508997000000
765,78.3167,362.315,280.151,508997000000
766,80.2078,208.539,327.034,508997000000
767,87.4452,131.81,384.401,508997000000
768,153.752,205.102,36.6079,509094000000
769,256.442,279.805,50.8686,509094000000
770,5.46545,210.645,112.726,509094000000
771,315.969,15.3033,182.048,509094000000
772,101.952,86.6318,233.908,509094000000
773,377.336,78.368,259.339,509094000000
774,239.255,346.408,260.586,509094000000
775,284.452,121.205,332.607,509094000000
776,394.218,197.26,24.5634,509190000000
777,20.6407,78.3988,47.4302,509190000000
778,164.244,0.345308,115.295,509190000000
779,387.393,26.8727,178.753,509190000000
780,153.261,74.065,211.667,509190000000
781,381.939,103.15,313.173,509190000000
782,78.1701,87.3526,346.892,509190000000
783,252.195,191.985,396.424,509190000000
784,84.0921,136.421,26.4533,509286000000
785,67.7543,85.825,50.7689,509286000000
786,159.022,175.117,133.688,509286000000
787,175.671,47.8482,144.321,509286000000
788,70.3045,45.8082,225.613,509286000000
789,98.5378,149.452,282.427,509286000000
790,15.4821,360.117,316.881,509286000000
791,376.986,28.4695,364.845,509286000000
792,373.782,82.3761,46.6704,509383000000
793,26.9315,252.384,83.751,509383000000
794,90.3486,352.092,126.381,509383000000
795,310.541,227.069,141.592,509383000000
796,225.596,211.683,219.263,509383000000
797,237.003,371.053,246.713,509383000000
798,103.533,139.258,328.446,509383000000
799,43.6388,46.2486,378.663,509383000000
800,340.883,223.586,7.45775,509479000000
801,142.996,392.152,65.52,509479000000
802,95.1492,221.874,134.419,509479000000
803,37.9145,47.8423,166.292,509479000000
804,249.684,271.216,283.576,509479000000
805,373.252,376.485,276.937,509479000000
806,289.113,393.396,327.01,509479000000
807,357.756,369.045,390.081,509479000000
808,219.962,9.82938,61.0689,509575000000
809,159.9,280.276,95.9563,509575000000
810,120.569,288.911,126.949,509575000000
811,238.422,231.405,187.778,509575000000
812,75.2061,285.288,211.382,509575000000
813,338.801,59.9668,296.893,509575000000
814,88.7202,369.213,323.26,509575000000
815,225.834,53.2231,381.188,509575000000
816,236.522,68.667,38.8571,509672000000
817,341.54,202.661,69.8677,509672000000
818,95.2367,328.158,129.629,509672000000
819,28.6941,36.4196,202.927,509672000000
820,169.319,197.492,238.734,509672000000
821,179.75,119.237,257.558,509672000000
822,279.338,142.994,245.527,509672000000
823,300.236,200.453,349.969,509672000000
824,10.3504,336.754,377.632,509672000000
825,46.6585,19.482,1.75476,509768000000
826,73.1998,77.9805,41.5523,509768000000
827,124.713,240.062,83.2339,509768000000
828,24.0118,333.55,184.137,509768000000
829,49.2569,272.7,195.749,509768000000
830,346.354,95.0425,243.747,509768000000
831,270.069,126.033,359.217,509768000000
832,58.276,369.764,378.82,509768000000
833,377.946,128.116,43.56,509864000000
834,290.492,287.101,67.716,509864000000
835,278.558,303.848,162.838,509864000000
836,370.902,102.966,227.725,509864000000
837,390.264,10.2248,286.414,509864000000
838,254.631,101.38,359.69,509864000000
839,76.5175,352.288,78.5457,509961000000
840,33.3052,63.4244,109.326,509961000000
841,239.861,69.8954,196.463,509961000000
842,145.91,321.192,227.523,509961000000
843,0.0748199,296.098,287.47,509961000000
844,391.168,220.512,363.01,509961000000
845,243.586,294.288,399.811,509961000000
846,161.132,151.692,4.11985,510057000000
847,86.0839,318.117,59.9362,510057000000
848,172.66,171.649,140.159,510057000000
849,77.7853,139.785,162.379,510057000000
850,364.515,365.528,160.831,510057000000
851,82.3488,97.7288,255.448,510057000000
852,158.249,181.138,352.336,510057000000
853,308.717,376.855,390.968,510057000000
854,227.912,298.285,46.0239,510153000000
855,368.903,13.5293,131.42,510153000000
856,20.4283,283.696,165.645,510153000000
857,320.089,387.181,150.54,510153000000
858,2.03192,379.258,207.371,510153000000
859,99.3444,378.49,273.247,510153000000
860,201.104,123.48,299.451,510153000000
861,363.735,139.76,353.345,510153000000
862,238.179,249.707,24.3061,510250000000
863,109.726,55.5844,126.414,510250000000
864,112.692,9.76607,155.782,510250000000
865,279.077,202.799,186.202,510250000000
866,213.773,293.734,278.667,510250000000
867,146.281,228.776,340.538,510250000000
868,334.12,337.146,396.825,510250000000
869,138.259,54.274,29.9907,510346000000
870,325.826,325.31,78.0962,510346000000
871,35.6575,361.364,76.0893,510346000000
872,158.728,200.728,176.882,510346000000
873,89.8472,60.2436,217.424,510346000000
874,106.198,183.114,246.56,510346000000
875,183.472,184.629,284.449,510346000000
876,196.793,394.237,311.337,510346000000
877,70.8593,278.066,359.177,510346000000
878,358.644,166.529,358.653,510346000000
879,62.4951,23.6602,19.0516,510442000000
880,10.5011,103.45,39.7593,510442000000
881,255.019,253.512,113.714,510442000000
882,298.466,260.68,103.415,510442000000
883,187.729,147.626,196.985,510442000000
884,172.396,258.858,208.192,510442000000
885,267.838,307.714,270.797,510442000000
886,336.751,184.274,354.428,510442000000
887,123.872,35.2453,389.066,510442000000
888,364.419,114.867,10.9932,510539000000
889,160.601,207.835,108.782,510539000000
890,14.0305,61.6288,106.261,510539000000
891,72.0277,304.66,198.777,510539000000
892,282.736,43.8018,260.481,510539000000
893,229.606,46.1825,291.28,510539000000
894,320.091,157.364,341.972,510539000000
895,183.28,278.813,331.155,510539000000
896,322.57,306.055,15.9908,510635000000
897,9.99236,398.96,50.9824,510635000000
898,189.385,146.294,98.8138,510635000000
899,311.999,147.084,156.822,510635000000
900,21.2557,290.316,197.528,510635000000
901,98.2753,62.5818,319.156,510635000000
902,37.7777,299.879,304.02,510635000000
903,77.139,199.134,385.588,510635000000
904,356.276,220.309,18.5721,510731000000
905,221.617,291.684,43.068,510731000000
906,160.918,297.027,102.854,510731000000
907,363.56,270.336,134.678,510731000000
908,90.1894,99.4646,199.838,510731000000
909,282.354,222.419,183.023,510731000000
910,61.1051,39.1207,298.677,510731000000
911,234.434,265.103,319.13,510731000000
912,276.569,301.114,12.3057,510828000000
913,386.046,334.096,63.6665,510828000000
914,152.132,364.695,82.4412,510828000000
915,24.3535,362.187,115.009,510828000000
916,121.988,231.61,187.538,510828000000
917,133.174,131.874,259.807,510828000000
918,147.867,300.221,303.652,510828000000
919,69.7331,144.414,348.591,510828000000
920,115.309,317.361,21.0287,510924000000
921,369.941,70.696,70.3783,510924000000
922,62.8788,143.879,126.356,510924000000
923,318.248,133.396,217.875,510924000000
924,394.48,164.93,235.914,510924000000
925,19.4749,397.918,304.145,510924000000
926,399.591,68.331,376.293,510924000000
927,359.839,86.788,368.736,510924000000
928,330.165,317.336,46.9957,511020000000
929,35.251,156.258,85.0991,511020000000
930,235.347,234.077,177.852,511020000000
931,189.484,80.6153,198.818,511020000000
932,223.689,26.7113,243.956,511020000000
933,57.8129,25.6499,296.928,511020000000
934,217.531,356.953,292.286,511020000000
935,200.029,246.33,365.377,511020000000
936,263.871,229.046,377.947,511020000000
937,217.989,175,12.9148,511117000000
938,75.2632,206.954,63.9699,511117000000
939,72.905,221.194,111.324,511117000000
940,89.2153,80.7555,163.889,511117000000
941,133.745,177.796,203.326,511117000000
942,234.901,363.705,234.001,511117000000
943,105.805,221.104,297.044,511117000000
944,106.56,382.492,305.026,511117000000
945,194.634,297.704,366.53,511117000000
946,159.172,162.324,44.2343,511213000000
947,153.385,142.321,105.413,511213000000
948,188.55,339.254,150.618,511213000000
949,323.194,63.9814,220.355,511213000000
950,160.011,137.666,246.502,511213000000
951,323.692,362.086,285.72,511213000000
952,167.561,4.16407,396.304,511213000000
953,391.879,285.694,9.30009,511309000000
954,158.858,329.664,56.2153,511309000000
955,351.731,316.247,95.4205,511309000000
956,178.367,353.08,125.161,511309000000
957,198.91,353.448,150.283,511309000000
958,395.187,189.64,201.828,511309000000
959,4.23134,384.947,300.278,511309000000
960,369.078,226.068,327.739,511309000000
961,226.4,170.706,369.547,511309000000
962,158.299,6.85366,22.426,511406000000
963,369.836,141.849,69.2801,511406000000
964,149.157,78.4045,119.314,511406000000
965,58.9827,346.49,154.923,511406000000
966,330.092,295.521,197.988,511406000000
967,271.499,399.764,253.936,511406000000
968,169.485,195.602,286.13,511406000000
969,160.084,254.886,315,511406000000
970,71.536,257.642,361.539,511406000000
971,179.272,258.767,374.377,511406000000
972,78.7613,337.215,86.82,511502000000
973,348.506,220.216,66.5794,511502000000
974,307.705,8.83491,109.593,511502000000
975,253.64,165.702,181.586,511502000000
976,93.0754,177.515,220.896,511502000000
977,392.98,194.102,240.758,511502000000
978,172.508,1.14532,332.589,511502000000
979,276.743,183.478,348.916,511502000000
980,105.128,176.685,370.817,511502000000
981,245.554,347.649,24.7328,511599000000
982,246.309,15.8294,124.213,511599000000
983,240.269,150.532,162.506,511599000000
984,28.4675,370.447,216.139,511599000000
985,70.475,152.537,279.697,511599000000
986,222.128,76.8677,350.492,511599000000
987,96.3566,372.294,375.046,511599000000
988,282.239,90.2274,1.31287,511695000000
989,136.66,242.621,61.6336,511695000000
990,47.9155,83.6261,116.882,511695000000
991,333.78,17.8246,209.32,511695000000
992,227.823,3.83025,271.274,511695000000
993,372.607,72.0608,357.881,511695000000
994,162.311,158.11,387.757,511695000000
995,323.575,363.365,384.407,511695000000
996,250.464,106.169,39.972,511791000000
997,357.351,381.167,51.4773,511791000000
998,391.292,369.831,65.01,511791000000
999,179.219,335.453,228.7,511791000000
1000,205.617,395.973,226.158,511791000000
1001,124.206,11.4248,304.906,511791000000
1002,43.4947,238.705,354.6,511791000000
1003,96.0017,371.847,25.0511,511888000000
1004,196.492,191.529,109.807,511888000000
1005,238.46,40.8063,139.957,511888000000
1006,388.33,301.736,152.371,511888000000
1007,141.021,159.074,222.893,511888000000
1008,253.129,322.067,245.007,511888000000
1009,11.7261,237.177,333.911,511888000000
1010,184.913,357.971,43.9315,511984000000
1011,334.911,340.466,54.7163,511984000000
1012,342.246,61.7155,116.813,511984000000
1013,83.6663,260.127,194.895,511984000000
1014,160.009,270.376,206.218,511984000000
1015,343.963,65.8912,269.981,511984000000
1016,151.403,92.2852,322.257,511984000000
1017,318.315,256.956,362.848,511984000000
1018,302.171,348.969,379.339,511984000000
1019,316.193,312.583,51.122,512080000000
1020,53.5497,50.6235,73.1343,512080000000
1021,210.779,370.877,130.102,512080000000
1022,206.563,26.1068,190.377,512080000000
1023,376.495,20.2718,289.707,512080000000
1024,147.636,99.1524,327.459,512080000000
1025,193.025,258.54,376.317,512080000000
1026,151.232,227.998,25.3444,512177000000
1027,77.4751,291.979,86.2254,512177000000
1028,103.317,171.934,146.998,512177000000
1029,182.689,314.08,194.666,512177000000
1030,344.21,38.8758,234.691,512177000000
1031,57.4045,80.7973,311.53,512177000000
1032,240.196,46.5974,382.061,512177000000
1033,39.8548,273.475,360.282,512177000000
1034,342.407,143.227,51.4354,512273000000
1035,233.432,68.8691,73.6267,512273000000
1036,321.306,173.995,125.136,512273000000
1037,241.516,159.342,196.506,512273000000
1038,53.3849,85.8855,271.668,512273000000
1039,249.118,387.058,312.049,512273000000
1040,222.993,80.2495,342.989,512273000000
1041,102.358,376.437,345.898,512273000000
1042,163.739,39.7238,27.3042,512369000000
1043,221.084,243.312,72.0064,512369000000
1044,106.433,17.2479,99.4155,512369000000
1045,295.796,138.032,182.374,512369000000
1046,131.122,390.906,139.476,512369000000
1047,89.3835,396.058,282.685,512369000000
1048,136.336,41.952,330.288,512369000000
1049,356.968,243.095,326.366,512369000000
1050,108.124,341.389,344.821,512369000000
1051,269.029,223.546,15.2084,512466000000
1052,306.425,273.914,38.0184,512466000000
1053,345.134,197.839,101.375,512466000000
1054,78.0361,292.633,142.147,512466000000
1055,271.586,364.774,181.627,512466000000
1056,223.466,72.6173,247.932,512466000000
1057,289.34,283.182,277.204,512466000000
1058,290.711,151.365,342.411,512466000000
1059,1.22683,148.213,383.06,512466000000
1060,231.893,226.95,72.5322,512562000000
1061,399.257,295.629,90.8881,512562000000
1062,257.933,110.624,175.01,512562000000
1063,309.422,147.862,231.496,512562000000
1064,247.119,385.796,288.713,512562000000
1065,313.529,92.1612,359.805,512562000000
1066,102.309,206.608,368.263,512562000000
1067,94.5712,70.2642,52.0608,512658000000
1068,143.795,268.667,105.299,512658000000
1069,321.13,190.595,179.288,512658000000
1070,149.972,158.254,256.007,512658000000
1071,337.594,207.715,272.525,512658000000
1072,99.5821,86.1213,352.636,512658000000
1073,100.756,315.318,394.21,512658000000
1074,194.808,214.29,14.0024,512755000000
1075,373.087,138.358,86.4031,512755000000
1076,248.396,281.46,132.046,512755000000
1077,353.669,209.031,143.309,512755000000
1078,72.0418,380.843,223.581,512755000000
1079,384.697,101.188,342.189,512755000000
1080,321.759,97.5427,393.208,512755000000
1081,62.9806,155.97,74.1591,512851000000
1082,232.024,173.656,67.1525,512851000000
1083,70.3735,272.985,119.87,512851000000
1084,98.0381,297.234,206.087,512851000000
1085,382.858,278.824,269.982,512851000000
1086,243.111,107.844,312.666,512851000000
1087,75.3461,287.114,23.1535,512947000000
1088,63.8161,158.8,79.1237,512947000000
1089,196.312,41.6919,102.174,512947000000
1090,347.98,352.945,148.07,512947000000
1091,270.304,331.927,202.289,512947000000
1092,254.784,394.81,238.131,512947000000
1093,151.969,371.44,280.571,512947000000
1094,51.1991,107.425,362.555,512947000000
1095,107.565,360.657,346.428,512947000000
1096,342.187,393.926,18.9075,513044000000
1097,316.351,117.455,77.455,513044000000
1098,150.713,239.759,121.773,513044000000
1099,381.915,360.407,131.837,513044000000
1100,51.4138,244.043,242.667,513044000000
1101,211.817,239.862,292.943,513044000000
1102,25.1135,244.915,352.207,513044000000
1103,68.0994,86.3537,45.6451,513140000000
1104,87.5567,256.078,116.83,513140000000
1105,294.174,51.5597,192.742,513140000000
1106,181.835,14.9128,164.331,513140000000
1107,50.4676,325.685,226.883,513140000000
1108,273.431,302.74,268.564,513140000000
1109,210.41,350.561,300.416,513140000000
1110,355.021,231.704,395.334,513140000000
1111,381.488,138.199,67.3748,513236000000
1112,254.081,188.245,109.714,513236000000
1113,328.848,131.636,209.925,513236000000
1114,161.767,349.405,241.096,513236000000
1115,66.5542,28.2329,311.539,513236000000
1116,138.845,216.224,328.307,513236000000
1117,396.543,17.9293,390.296,513236000000
1118,187.67,47.0113,14.9918,513333000000
1119,266.616,41.8337,58.0586,513333000000
1120,7.94698,18.3242,111.237,513333000000
1121,17.4706,144.873,76.1617,513333000000
1122,180.714,83.4406,146.943,513333000000
1123,171.283,322.914,202.895,513333000000
1124,164.461,398.308,198.054,513333000000
1125,31.3101,83.1337,309.221,513333000000
1126,142.364,49.0085,348.283,513333000000
1127,244.199,287.37,0.162298,513333000000
1128,171.702,34.3613,39.2968,513429000000
1129,276.356,182.631,67.9869,513429000000
1130,127.045,155.537,149.221,513429000000
1131,158.385,280.538,188.205,513429000000
1132,399.816,254.236,237.467,513429000000
1133,95.1695,347.146,287.398,513429000000
1134,95.1766,20.35,331.188,513429000000
1135,48.1247,288.209,18.8762,513525000000
1136,278.914,247.849,58.7303,513525000000
1137,388.396,247.337,82.7709,513525000000
1138,325.191,268.265,143.617,513525000000
1139,3.31163,217.355,163.291,513525000000
1140,347.043,279.347,254.892,513525000000
1141,332.581,291.007,303.087,513525000000
1142,170.947,141.233,377.023,513525000000
1143,165.528,306.121,391.656,513525000000
1144,305.958,384.684,31.7453,513622000000
1145,349.071,390.4,47.605,513622000000
1146,108.459,277.516,105.378,513622000000
1147,244.121,255.52,159.658,513622000000
1148,381.351,168.58,191.636,513622000000
1149,79.7386,80.8665,234.388,513622000000
1150,233.882,136.709,268.983,513622000000
1151,58.4935,196.903,322.996,513622000000
1152,278.576,48.8513,391.203,513622000000
1153,231.536,169.747,31.5727,513718000000
1154,377.101,227.171,76.5295,513718000000
1155,253.631,190.825,121.99,513718000000
1156,4.56909,150.537,140.581,513718000000
1157,336.048,389.204,237.426,513718000000
1158,144.701,229.432,288.873,513718000000
1159,324.915,101.357,347.364,513718000000
1160,117.112,301.645,399.302,513718000000
1161,85.0283,326.879,14.4381,513814000000
1162,252.592,195.849,43.1181,513814000000
1163,318.17,18.138,101.559,513814000000
1164,300.551,369.653,132.388,513814000000
1165,395.239,286.784,185.183,513814000000
1166,357.243,137.342,229.173,513814000000
1167,395.824,208.382,292.549,513814000000
1168,182.904,284.742,321.62,513814000000
1169,76.9951,17.6323,393.699,513814000000
1170,78.9385,198.962,36.2166,513911000000
1171,279.433,9.61065,122.619,513911000000
1172,93.784,234.687,171.94,513911000000
1173,14.6868,324.465,210.644,513911000000
1174,296.369,22.0011,261.228,513911000000
1175,180.652,56.2962,291.741,513911000000
1176,87.922,244.812,315.37,513911000000
1177,12.7666,91.0835,23.5259,514007000000
1178,28.088,121.518,49.5154,514007000000
1179,344.386,329.585,131.887,514007000000
1180,316.877,211.767,140.145,514007000000
1181,317.859,148.447,275.762,514007000000
1182,314.259,195.509,310.517,514007000000
1183,24.0397,34.6637,336.22,514007000000
1184,155.12,139.039,4.38569,514104000000
1185,263.134,328.666,38.0295,514104000000
1186,74.3801,243.812,148.926,514104000000
1187,19.0787,286.348,199.697,514104000000
1188,368.206,161.675,303.113,514104000000
1189,226.097,97.1438,280.173,514104000000
1190,166.474,7.37534,352.746,514104000000
1191,387.232,146.211,391.87,514104000000
1192,355.147,30.907,42.5444,514200000000
1193,44.9972,158.889,75.0393,514200000000
1194,180.391,342.024,129.277,514200000000
1195,27.8823,117.482,185.112,514200000000
1196,106.829,255.904,223.858,514200000000
1197,251.069,217.125,322.833,514200000000
1198,234.981,397.683,345.423,514200000000
1199,59.7425,286.423,28.1553,514296000000
1200,65.4799,220.9,61.2754,514296000000
1201,358.946,149.501,158.611,514296000000
1202,110.683,72.1478,163.011,514296000000
1203,245.729,257.553,179.097,514296000000
1204,206.22,309.144,251.123,514296000000
1205,136.817,140.216,313.766,514296000000
1206,195.732,285.058,319.048,514296000000
1207,19.4399,77.9185,383.224,514296000000
1208,347.91,64.0531,13.5977,514393000000
1209,243.476,118.041,46.8365,514393000000
1210,162.528,97.6029,99.9834,514393000000
1211,288.645,158.123,188.472,514393000000
1212,261.162,222.3,189.7,514393000000
1213,73.7936,393.974,272.332,514393000000
1214,191.61,320.521,319.177,514393000000
1215,238.21,96.1088,390.496,514393000000
1216,31.891,29.6419,16.4441,514489000000
1217,102.025,139.097,63.5868,514489000000
1218,84.6981,216.68,149.03,514489000000
1219,387.648,51.0719,175.288,514489000000
1220,317.596,123.511,221.869,514489000000
1221,270.715,218.559,247.283,514489000000
1222,162.814,95.219,375.869,514489000000
1223,90.7761,111.045,89.0886,514585000000
1224,58.6655,263.657,144.184,514585000000
1225,124.991,283.356,201.305,514585000000
1226,83.97,25.3571,263.887,514585000000
1227,122.855,274.593,290.576,514585000000
1228,197.155,62.7423,340.047,514585000000
1229,146.108,102.782,382.561,514585000000
1230,176.55,322.412,81.1014,514682000000
1231,143.044,185.973,120.046,514682000000
1232,230.629,133.93,164.417,514682000000
1233,68.2639,288.251,186.541,514682000000
1234,349.811,127.714,262.796,514682000000
1235,56.0037,45.3396,339.71,514682000000
1236,232.718,47.815,337.208,514682000000
1237,207.047,370.442,398.511,514682000000
1238,84.9582,69.5733,35.1835,514778000000
1239,24.2768,301.318,107.72,514778000000
1240,162.264,173.377,158.014,514778000000
1241,232.138,125.085,181.361,514778000000
1242,125.634,381.068,197.063,514778000000
1243,259.26,216.07,246.358,514778000000
1244,332.941,347.681,335.306,514778000000
1245,311.735,199.931,359.495,514778000000
1246,74.4144,345.278,383.14,514778000000
1247,323.845,23.142,17.8901,514874000000
1248,392.617,174.927,65.8399,514874000000
1249,399.291,185.999,103.165,514874000000
1250,322.73,8.57707,169.806,514874000000
1251,174.735,27.3612,184.162,514874000000
1252,132.805,4.22854,226.405,514874000000
1253,34.0455,62.8758,223.81,514874000000
1254,170.3,94.2478,334.746,514874000000
1255,391.799,385.222,326.255,514874000000
1256,26.1006,263.33,19.6479,514971000000
1257,134.382,339.462,74.0405,514971000000
1258,339.147,388.146,125.298,514971000000
1259,150.936,239.632,204.846,514971000000
1260,98.5809,346.593,222.497,514971000000
1261,69.9771,202.43,301.606,514971000000
1262,114.41,219.691,397.474,514971000000
1263,151.213,91.9776,2.73675,515067000000
1264,79.836,137.793,58.8753,515067000000
1265,353.592,33.5127,94.419,515067000000
1266,53.4876,255.724,168.271,515067000000
1267,336.811,147.803,182.403,515067000000
1268,68.4577,269.04,217.605,515067000000
1269,135.47,146.399,264.383,515067000000
1270,156.38,323.39,307.089,515067000000
1271,249.453,233.366,293.568,515067000000
1272,375.21,110.76,396.479,515067000000
1273,392.922,199.492,11.4739,515163000000
1274,195.887,204.843,112.71,515163000000
1275,258.117,269.266,152.852,515163000000
1276,79.7082,39.0158,242.114,515163000000
1277,374.806,304.712,249.8,515163000000
1278,360.865,181.261,328.882,515163000000
1279,364.328,290.691,12.1952,515260000000
1280,220.927,397.373,51.5201,515260000000
1281,83.6494,349.269,78.2127,515260000000
1282,333.491,73.3821,144.158,515260000000
1283,296.846,187.442,163.833,515260000000
1284,386.708,305.623,206.08,515260000000
1285,18.3346,326.634,245.488,515260000000
1286,192.414,29.9713,320.752,515260000000
1287,67.5759,16.6542,369.64,515260000000
1288,79.1954,250.724,381.596,515260000000
1289,90.4249,8.14041,24.7173,515356000000
1290,50.5373,338.198,45.8619,515356000000
1291,27.4371,57.5474,90.2077,515356000000
1292,33.9614,122.326,127.521,515356000000
1293,322.282,365.756,185.866,515356000000
1294,180.744,218.518,293.477,515356000000
1295,202.067,115.443,330.507,515356000000
1296,311.135,126.134,389.444,515356000000
1297,40.425,266.058,30.3702,515452000000
1298,47.0589,42.288,95.8462,515452000000
1299,268.54,169.094,161.783,515452000000
1300,197.603,6.25323,168.286,515452000000
1301,103.081,144.18,238.281,515452000000
1302,344.309,260.684,244.713,515452000000
1303,317.621,224.83,299.929,515452000000
1304,336.406,185.029,386.649,515452000000
1305,297.427,106.689,55.7785,515549000000
1306,285.34,169.98,88.2318,515549000000
1307,34.5306,42.0822,181.187,515549000000
1308,78.4025,291.479,160.255,515549000000
1309,41.7163,31.24,251.523,515549000000
1310,299.618,236.724,337.931,515549000000
1311,272.089,212.959,344.956,515549000000
1312,142.695,196.269,376.82,515549000000
1313,206.273,297.605,29.028,515645000000
1314,95.9893,65.1259,70.7888,515645000000
1315,187.184,21.4349,100.976,515645000000
1316,36.1503,52.1546,108.106,515645000000
1317,162.753,324.564,228.079,515645000000
1318,22.199,349.236,261.284,515645000000
1319,7.80642,257.718,308.922,515645000000
1320,248.867,263.64,390.237,515645000000
1321,327.103,255.821,38.0557,515741000000
1322,84.4619,13.2277,168.785,515741000000
1323,153.449,77.3946,203.063,515741000000
1324,6.96484,380.231,253.01,515741000000
1325,134.542,395.965,265.826,515741000000
1326,203.792,159.119,372.526,515741000000
1327,22.1574,391.043,325.548,515741000000
1328,290.842,108.71,19.7412,515838000000
1329,177.081,10.1044,67.4231,515838000000
1330,31.6328,354.937,85.257,515838000000
1331,192.137,217.398,186.108,515838000000
1332,268.395,74.473,298.81,515838000000
1333,47.4838,51.8356,318.909,515838000000
1334,329.945,181.872,374.851,515838000000
1335,253.909,253.342,379.359,515838000000
1336,173.51,156.483,201.466,515934000000
1337,387.509,156.603,113.347,515934000000
1338,217.564,49.6822,152.941,515934000000
1339,270.925,289.178,170.998,515934000000
1340,14.7237,336.074,222.992,515934000000
1341,264.413,209.315,246.918,515934000000
1342,362.269,0.0255252,334.772,515934000000
1343,143.77,238.294,8.55254,516030000000
1344,104.727,308.811,84.7854,516030000000
1345,82.9742,244.682,144.047,516030000000
1346,191.271,183.539,197.588,516030000000
1347,329.389,85.4379,288.726,516030000000
1348,65.6934,242.282,330.167,516030000000
1349,272.665,290.833,327.039,516127000000
1350,91.7455,202.791,77.6356,516127000000
1351,193.589,7.00922,104.363,516127000000
1352,112.206,177.48,156.339,516127000000
1353,364.02,63.8108,197.117,516127000000
1354,161.468,121.067,222.09,516127000000
1355,251.392,396.077,262.885,516127000000
1356,296.123,174.401,306.702,516127000000
1357,136.518,335.423,336.723,516127000000
1358,353.881,28.0632,10.2629,516223000000
1359,35.7918,168.275,32.0391,516223000000
1360,183.401,73.0977,102.028,516223000000
1361,328.213,5.51928,143.014,516223000000
1362,202.824,375.22,172.223,516223000000
1363,320.345,146.398,271.528,516223000000
1364,195.021,243.021,284.434,516223000000
1365,218.018,26.7293,363.222,516223000000
1366,20.3682,380.836,350.546,516223000000
1367,251.845,265.59,20.9455,516320000000
1368,237.337,33.3025,117.439,516320000000
1369,268.533,170.464,160.201,516320000000
1370,56.644,123.86,216.183,516320000000
1371,12.3397,188.387,206.219,516320000000
1372,208.197,324.21,235.297,516320000000
1373,272.496,65.1354,337.712,516320000000
1374,248.63,71.1287,389.839,516320000000
1375,318.977,383.662,30.894,516416000000
1376,73.4532,266.286,40.6045,516416000000
1377,104.414,360.957,84.6209,516416000000
1378,49.4947,108.742,163.754,516416000000
1379,387.768,346.475,195.266,516416000000
1380,373.994,122.957,282.384,516416000000
1381,24.195,254.958,290.708,516416000000
1382,389.033,316.115,312.69,516416000000
1383,337.539,164.687,6.65584,516416000000
1384,336.636,254.125,27.9786,516512000000
1385,58.0474,100.049,99.8046,516512000000
1386,93.616,199.331,147.238,516512000000
1387,203.595,377.537,147.681,516512000000
1388,166.048,158.459,235.575,516512000000
1389,76.6495,7.2745,297.345,516512000000
1390,334.443,144.727,359.527,516512000000
1391,202.285,275.156,391.481,516512000000
1392,26.3765,165.822,29.1275,516609000000
1393,367.443,55.2815,83.5261,516609000000
1394,110.211,323.996,156.31,516609000000
1395,248.223,362.499,213.794,516609000000
1396,4.51958,279.005,227.763,516609000000
1397,51.897,23.5913,270.907,516609000000
1398,373.2,287.18,340.263,516609000000
1399,57.4539,224.014,379.355,516609000000
1400,365.502,71.0863,157.365,516705000000
1401,316.815,74.9659,33.7961,516705000000
1402,233.817,306.557,61.7011,516705000000
1403,4.29083,228.926,124.778,516705000000
1404,236.469,52.3793,211.067,516705000000
1405,207.836,280.38,191.534,516705000000
1406,85.1029,242.236,264.406,516705000000
1407,198.248,380.912,347.212,516705000000
1408,83.4008,23.2698,30.9887,516801000000
1409,293.117,167.651,50.9065,516801000000
1410,225.484,294.98,55.4957,516801000000
1411,162.805,196.258,154.339,516801000000
1412,204.786,68.3902,232.957,516801000000
1413,107.025,271.159,248.803,516801000000
1414,216.779,347.504,295.451,516801000000
1415,212.633,127.249,374.87,516801000000
1416,264.309,192.301,26.5644,516898000000
1417,197.395,275.92,47.3031,516898000000
1418,293.798,218.52,137.817,516898000000
1419,277.928,4.32096,243.959,516898000000
1420,331.796,51.0719,320.497,516898000000
1421,218.366,88.1789,390.484,516898000000
1422,32.4653,261.566,58.6793,516994000000
1423,96.6347,252.603,118.32,516994000000
1424,246.28,319.349,162.686,516994000000
1425,201.569,397.633,257.598,516994000000
1426,241.593,15.1453,339.611,516994000000
1427,40.9471,159.12,394.126,516994000000
1428,253.316,43.3331,22.7726,517090000000
1429,191.682,10.9175,42.4308,517090000000
1430,37.7808,56.425,47.1279,517090000000
1431,31.68,265.257,110.972,517090000000
1432,276.415,395.225,168.114,517090000000
1433,107.221,286.474,220.811,517090000000
1434,172.68,163.436,258.588,517090000000
1435,72.8726,267.764,268.209,517090000000
1436,255.284,237.539,372.416,517090000000
1437,144.252,164.319,11.7975,517187000000
1438,342.391,55.5905,51.2968,517187000000
1439,81.7952,167.159,70.7605,517187000000
1440,172.347,2.75139,129.554,517187000000
1441,348.914,37.1691,210.894,517187000000
1442,380.368,352.588,277.214,517187000000
1443,66.3195,346.735,278.348,517187000000
1444,242.352,126.271,373.442,517187000000
1445,84.6986,194.795,31.3206,517283000000
1446,107.045,279.123,54.3955,517283000000
1447,250.444,31.0963,145.275,517283000000
1448,211.381,242.161,175.201,517283000000
1449,44.4714,249.851,193.997,517283000000
1450,399.75,94.6415,272.73,517283000000
1451,249.757,20.5313,332.682,517283000000
1452,174.297,7.78717,352.077,517283000000
1453,262.594,24.3424,382.309,517283000000
1454,22.7844,355.641,62.4675,517379000000
1455,275.499,312.389,103.522,517379000000
1456,283.817,321.192,182.788,517379000000
1457,157.341,115.649,248.039,517379000000
1458,199.714,43.0263,327.892,517379000000
1459,141.649,208.345,364.091,517379000000
1460,22.358,150.393,0.184442,517379000000
1461,114.878,104.424,19.76,517476000000
1462,187.799,395.872,67.7787,517476000000
1463,298.958,348.946,155.322,517476000000
1464,269.777,172.456,193.591,517476000000
1465,37.0615,373.054,285.617,517476000000
1466,164.952,317.044,319.374,517476000000
1467,90.2594,111.937,382.3,517476000000
1468,94.8422,71.8266,1.00734,517572000000
1469,211.311,126.602,92.5537,517572000000
1470,13.227,102.588,143.474,517572000000
1471,177.13,327.659,184.714,517572000000
1472,395.236,313.125,178.606,517572000000
1473,238.763,107.277,267.103,517572000000
1474,322.061,228.859,300.233,517572000000
1475,66.8616,78.3888,376.495,517572000000
1476,264.837,158.545,39.3163,517668000000
1477,79.4354,189.214,56.2649,517668000000
1478,243.641,273.65,63.3255,517668000000
1479,296.217,333.319,130.654,517668000000
1480,169.069,220.659,200.888,517668000000
1481,23.5281,395.602,244.939,517668000000
1482,187.756,183.761,325.586,517668000000
1483,188.231,352.384,335.27,517668000000
1484,100.078,350.731,293.831,517765000000
1485,379.082,312.502,79.601,517765000000
1486,320.113,131.01,127.388,517765000000
1487,15.5694,9.64895,187.715,517765000000
1488,15.3637,284.12,222.147,517765000000
1489,82.1757,45.6787,311.171,517765000000
1490,399.839,11.6076,295.69,517765000000
1491,162.192,263.906,344.062,517765000000
1492,113.008,399.211,376.217,517765000000
1493,365.222,51.1559,34.2618,517861000000
1494,158.103,10.7135,113.479,517861000000
1495,14.5006,284.975,178.88,517861000000
1496,211.543,127.762,221.283,517861000000
1497,10.3326,98.4307,320.8,517861000000
1498,229.205,388.278,325.364,517861000000
1499,350.857,271.02,4.57976,517957000000
1500,7.11822,232.291,104.102,517957000000
1501,133.515,384.777,99.9854,517957000000
1502,389.939,52.1216,185.571,517957000000
1503,221.325,304.867,232.336,517957000000
1504,42.8608,116.313,321.589,517957000000
1505,203.57,79.0514,305.017,517957000000
1506,306.617,168.56,365.012,517957000000
1507,372.49,214.761,398.997,517957000000
1508,244.347,71.4827,21.9225,518054000000
1509,4.25664,81.0147,65.3035,518054000000
1510,127.315,363.922,99.5537,518054000000
1511,280.844,10.8101,179.893,518054000000
1512,264.564,97.8113,211.555,518054000000
1513,0.0628796,287.154,279.13,518054000000
1514,127.131,367.175,276.242,518054000000
1515,291.913,123.601,333.365,518054000000
1516,171.028,238.496,395.764,518054000000
1517,75.0209,65.0498,18.293,518150000000
1518,331.974,337.426,67.3358,518150000000
1519,278.128,10.6032,141.077,518150000000
1520,271.885,74.8277,171.627,518150000000
1521,337.853,394.242,234.612,518150000000
1522,128.786,95.2952,307.326,518150000000
1523,323.319,390.847,315.661,518150000000
1524,123.063,208.815,25.6367,518246000000
1525,51.507,342.186,120.711,518246000000
1526,178.735,151.829,143.177,518246000000
1527,299.161,232.626,149.813,518246000000
1528,35.6279,146.976,269.314,518246000000
1529,101.61,40.7474,328.281,518246000000
1530,59.002,371.897,319.502,518246000000
1531,382.073,301.386,371.098,518246000000
1532,148.676,72.0884,31.063,518343000000
1533,99.1381,192.097,62.229,518343000000
1534,349.917,116.729,129.558,518343000000
1535,309.24,107.86,105.575,518343000000
1536,375.572,58.167,159.087,518343000000
1537,111.137,22.6613,215.579,518343000000
1538,75.937,66.753,282.66,518343000000
1539,17.6019,368.103,305.765,518343000000
1540,186.453,302.986,350.464,518343000000
1541,261.224,216.008,373.366,518343000000
1542,46.553,338.532,40.1781,518439000000
1543,266.673,314.744,62.5337,518439000000
1544,145.913,64.8766,175.475,518439000000
1545,307.01,208.978,220.574,518439000000
1546,222.028,128.809,294.156,518439000000
1547,116.41,280.806,340.499,518439000000
1548,124.793,117.486,376.671,518439000000
1549,84.3476,70.537,33.9161,518535000000
1550,212.933,315.064,128.885,518535000000
1551,93.0651,183.402,164.367,518535000000
1552,39.5905,348.41,218.483,518535000000
1553,289.29,183.309,296.189,518535000000
1554,330.937,281.238,330.178,518535000000
1555,233.477,116.643,388.326,518535000000
1556,86.2728,85.3421,31.4723,518632000000
1557,186.838,160.009,67.4392,518632000000
1558,287.688,108.19,140.846,518632000000
1559,146.062,24.427,164,518632000000
1560,230.031,394.887,222.775,518632000000
1561,213.741,167.978,278.218,518632000000
1562,306.689,187.001,372.418,518632000000
1563,375.914,84.409,369.726,518632000000
1564,394.325,151.907,28.6009,518728000000
1565,52.3002,113.958,92.582,518728000000
1566,372.602,283.514,112.067,518728000000
1567,387.637,265.701,164.851,518728000000
1568,150.001,356.976,276.021,518728000000
1569,333.033,161.213,337.392,518728000000
1570,136.276,211.308,354.868,518728000000
1571,315.496,225.801,1.3073,518824000000
1572,106.361,394.11,62.7964,518824000000
1573,288.205,104.588,105.308,518824000000
1574,61.3044,301.35,160.772,518824000000
1575,25.0828,229.645,240.789,518824000000
1576,176.606,10.2005,286.114,518824000000
1577,213.959,378.639,302.419,518824000000
1578,356.956,217.041,386.428,518824000000
1579,199.385,316.246,72.5367,518921000000
1580,287.369,239.463,58.8386,518921000000
1581,114.93,15.2124,144.032,518921000000
1582,254.559,31.1488,209.815,518921000000
1583,196.902,378.033,234.324,518921000000
1584,301.707,290.726,345.698,518921000000
1585,229.601,231.786,371.973,518921000000
1586,56.3521,161.042,62.9844,519017000000
1587,45.8307,42.9083,145.698,519017000000
1588,35.1529,77.6991,166.78,519017000000
1589,386.06,117.565,305.89,519017000000
1590,32.5189,108.049,323.835,519017000000
1591,45.7378,28.3315,322.079,519017000000
1592,331.475,399.45,387.755,519017000000
1593,385.889,210.41,16.7719,519114000000
1594,93.9211,251.952,48.3388,519114000000
1595,287.01,217.584,122.678,519114000000
1596,340.487,262.408,234.214,519114000000
1597,200.708,46.0854,286.007,519114000000
1598,18.5808,348.722,314.794,519114000000
1599,113.493,163.583,392.358,519114000000
1600,185.858,91.4533,12.7646,519210000000
1601,49.0138,167.226,64.8592,519210000000
1602,192.807,264.954,136.724,519210000000
1603,198.95,347.198,215.581,519210000000
1604,48.8563,399.734,240.324,519210000000
1605,77.4486,23.6759,300.978,519210000000
1606,105.828,108.435,340.63,519210000000
1607,11.8005,387.974,361.596,519210000000
1608,213.479,328.512,30.7875,519306000000
1609,233.014,116.555,91.255,519306000000
1610,61.9388,255.582,142.278,519306000000
1611,343.372,343.408,198.231,519306000000
1612,211.678,55.0739,247.691,519306000000
1613,132.708,281.37,287.405,519306000000
1614,122.283,113.5,324.905,519306000000
1615,14.0773,7.4668,377.966,519306000000
1616,179.852,45.1409,96.4839,519403000000
1617,244.017,16.196,133.063,519403000000
1618,237.031,100.646,185.009,519403000000
1619,48.1116,73.5778,237.705,519403000000
1620,287.939,181.034,276.057,519403000000
1621,37.0762,79.4563,318.191,519403000000
1622,127.727,237.3,333.196,519403000000
1623,16.5228,13.9105,19.5852,519499000000
1624,356.544,88.8722,65.1507,519499000000
1625,133.697,212.242,94.5884,519499000000
1626,351.708,304.332,141.237,519499000000
1627,42.0996,381.764,207.821,519499000000
1628,324.01,256.217,294.075,519499000000
1629,77.5378,294.903,305.052,519499000000
1630,2.69107,97.1547,6.02938,519595000000
1631,294.029,258.477,39.9503,519595000000
1632,129.332,14.8072,122.916,519595000000
1633,261.292,9.16143,196.653,519595000000
1634,101.003,135.66,232.176,519595000000
1635,351.916,129.01,290.53,519595000000
1636,12.5626,200.174,279.456,519595000000
1637,288.491,11.4702,342.924,519595000000
1638,294.359,162.529,2.10068,519692000000
1639,102.438,335.74,62.361,519692000000
1640,70.9324,188.578,82.346,519692000000
1641,319.767,64.3328,162.516,519692000000
1642,149.056,242.367,282.273,519692000000
1643,24.9417,387.771,321.13,519692000000
1644,354.31,22.9497,393.436,519692000000
1645,168.19,138.441,73.0672,519788000000
1646,299.874,196.175,156.554,519788000000
1647,280.909,86.8425,217.771,519788000000
1648,306.648,45.5466,312.091,519788000000
1649,235.199,37.1227,375.284,519788000000
1650,133.739,99.5609,59.3711,519884000000
